{"Pa": 0.6311282847259464, "Pbest": 0.5573539416711357}