{"Pa": 0.3366541959472136, "Pbest": 0.2039850351366563}