{"Pa": 0.2958964660096907, "Pbest": 0.15507575921162886}