{"Pa": 0.4434049950791866, "Pbest": 0.33208599409502393}