{"Pa": 0.2200914738862198, "Pbest": 0.06410976866346375}