{"Pa": 0.19571877460461168, "Pbest": 0.034862529525534015}