{"Pa": 0.3902664885173891, "Pbest": 0.26831978622086694}