{"Pa": 0.4889298123326786, "Pbest": 0.3867157747992144}