{"Pa": 0.23911453658449672, "Pbest": 0.08693744390139604}