{"Pa": 0.8360717710089969, "Pbest": 0.8032861252107962}