{"Pa": 0.18809039199726296, "Pbest": 0.02570847039671557}