{"Pa": 0.9461922057841629, "Pbest": 0.9354306469409954}