{"Pa": 0.5655156617258477, "Pbest": 0.47861879407101726}