{"Pa": 0.20606340848507548, "Pbest": 0.04727609018209057}