{"Pa": 0.2649111738309309, "Pbest": 0.11789340859711703}