{"Pa": 0.7075345071841916, "Pbest": 0.64904140862103}